{"cameraMode":{"drawMode":0,"name":"Shaded","section":"Shading Mode"},"sceneLighting":true,"audioPlay":false,"sceneViewState":{"showFog":true,"showMaterialUpdate":false,"showSkybox":true,"showFlares":true,"showImageEffects":true,"showParticleSystems":true},"in2DMode":false,"pivot":{"x":14.428075790405274,"y":10.125652313232422,"z":-3.663351535797119},"rotation":{"x":0.09122328460216522,"y":-0.21750102937221528,"z":-0.020377343520522119,"w":-0.9716384410858154},"size":2.150388479232788,"orthographic":false}