{"cameraMode":{"drawMode":0,"name":"Shaded","section":"Shading Mode"},"sceneLighting":false,"audioPlay":false,"sceneViewState":{"showFog":true,"showMaterialUpdate":true,"showSkybox":true,"showFlares":true,"showImageEffects":true,"showParticleSystems":true},"in2DMode":false,"pivot":{"x":-2.7974061965942385,"y":3.3265504837036135,"z":-8.68209457397461},"rotation":{"x":0.31223317980766299,"y":0.06665343791246414,"z":-0.02186444401741028,"w":0.947536051273346},"size":24.610584259033204,"orthographic":false}