{"cameraMode":{"drawMode":0,"name":"Shaded","section":"Shading Mode"},"sceneLighting":false,"audioPlay":false,"sceneViewState":{"showFog":true,"showMaterialUpdate":true,"showSkybox":true,"showFlares":true,"showImageEffects":true,"showParticleSystems":true},"in2DMode":false,"pivot":{"x":14.430481910705567,"y":0.9456567764282227,"z":-7.670055389404297},"rotation":{"x":-0.295889288187027,"y":0.16073253750801087,"z":-0.0505211278796196,"w":-0.9404489398002625},"size":34.49892807006836,"orthographic":false}