{"cameraMode":{"drawMode":0,"name":"Shaded","section":"Shading Mode"},"sceneLighting":false,"audioPlay":false,"sceneViewState":{"showFog":true,"showMaterialUpdate":true,"showSkybox":true,"showFlares":true,"showImageEffects":true,"showParticleSystems":true},"in2DMode":false,"pivot":{"x":13.63725757598877,"y":1.5573683977127076,"z":2.6045756340026857},"rotation":{"x":-0.06776072084903717,"y":0.020715968683362008,"z":-0.0013038264587521554,"w":-0.9976776838302612},"size":5.625851154327393,"orthographic":false}