{"cameraMode":{"drawMode":0,"name":"Shaded","section":"Shading Mode"},"sceneLighting":false,"audioPlay":false,"sceneViewState":{"showFog":true,"showMaterialUpdate":true,"showSkybox":true,"showFlares":true,"showImageEffects":true,"showParticleSystems":true},"in2DMode":false,"pivot":{"x":15.425600051879883,"y":3.7350375652313234,"z":1.2356939315795899},"rotation":{"x":-0.0148398382589221,"y":0.9430482387542725,"z":-0.3296799063682556,"w":-0.0424799919128418},"size":3.373749256134033,"orthographic":false}