{"cameraMode":{"drawMode":0,"name":"Shaded","section":"Shading Mode"},"sceneLighting":false,"audioPlay":false,"sceneViewState":{"showFog":true,"showMaterialUpdate":true,"showSkybox":true,"showFlares":true,"showImageEffects":true,"showParticleSystems":true},"in2DMode":false,"pivot":{"x":17.33881950378418,"y":3.7580690383911135,"z":0.5418562889099121},"rotation":{"x":-0.0898633822798729,"y":0.9099293351173401,"z":-0.29681307077407839,"w":-0.2755175828933716},"size":6.527036666870117,"orthographic":false}