{"cameraMode":{"drawMode":0,"name":"Shaded","section":"Shading Mode"},"sceneLighting":false,"audioPlay":false,"sceneViewState":{"showFog":true,"showMaterialUpdate":true,"showSkybox":true,"showFlares":true,"showImageEffects":true,"showParticleSystems":true},"in2DMode":false,"pivot":{"x":16.698406219482423,"y":-8.150460243225098,"z":-25.795852661132814},"rotation":{"x":0.008977415040135384,"y":0.9847015738487244,"z":-0.16730768978595735,"w":0.051465362310409549},"size":43.13531494140625,"orthographic":false}