{"cameraMode":{"drawMode":0,"name":"Shaded","section":"Shading Mode"},"sceneLighting":false,"audioPlay":false,"sceneViewState":{"showFog":true,"showMaterialUpdate":true,"showSkybox":true,"showFlares":true,"showImageEffects":true,"showParticleSystems":true},"in2DMode":false,"pivot":{"x":16.493162155151368,"y":0.5878183245658875,"z":-16.50183868408203},"rotation":{"x":0.01077607274055481,"y":0.9865123629570007,"z":-0.14638245105743409,"w":0.0726262703537941},"size":10.389970779418946,"orthographic":false}